Z,ACH,decay_eACH_uv_T_corrected,steady_eACH_uv_T_corrected,eACH_uv_well_mixed_ideal,ratio_steady_over_decay,decay_ratio_to_ideal_pct,steady_ratio_to_ideal_pct,steady_ach_source,steady_phase2_converged
1.7,3.0,8.956930880404865,16.7197378854291,17.561109231436298,1.866681579736981,51.00435719841081,95.20889406859875,extrapolated_T_infinity,True
1.7,6.0,9.2721198582827,17.478614933185458,17.561109231436298,1.8850721518199498,52.79916966568715,99.53024437600351,extrapolated_T_infinity,False
1.7,9.0,9.077033852645462,27.04549039628439,17.561109231436298,2.9795515622542377,51.688271697533686,154.007870686608,extrapolated_T_infinity,False
3.4,3.0,16.027159805426596,34.24593056536323,35.122218462872596,2.136743564119701,45.63253833856985,97.50503260938463,windowed_average,True
3.4,6.0,17.309434562722927,32.62954691907392,35.122218462872596,1.885072952604929,49.28343174284559,92.90286418998942,extrapolated_T_infinity,False
3.4,9.0,17.417379254814207,45.625016834721734,35.122218462872596,2.619511016395355,49.59077193038354,129.9035733831892,windowed_average,False
6.0,3.0,24.713294294757898,65.00318903722444,61.98038552271635,2.6302923544682066,39.87276633782838,104.87703244988727,windowed_average,True
6.0,6.0,27.259894916136286,61.39459659057191,61.98038552271635,2.2521949104884422,43.9814865400366,99.05488014118637,extrapolated_T_infinity,False
6.0,9.0,27.7120422619456,77.53892551293816,61.98038552271635,2.7980227794115065,44.710987239324126,125.10236078560608,windowed_average,False
